case_name,predicted_output,expected_output,correct,scored,input_tokens,output_tokens,latency,cost,expt_name
valid.00000,127.4,127.4,1.0,True,1238.0,92.0,6.134891986846924,0.0008992,structured_baseline
valid.00001,93.5%,0.935,1.0,True,705.0,145.0,11.369174003601074,0.0006695,structured_baseline
valid.00002,"tags.

<answer>
24.7%
</answer>

But is this correct? Let me make sure.

Another way: perhaps they want the fraction from Canada only for oil and gas, excluding ngls? But the question says ""oil and gas mmboe"", and the table's ""total mmboe"" includes ngls, but in the context, ""mmboe"" is million barrels of oil equivalent, which combines all.

In the row for Canada: oil 23 mmbbls, gas 198 bcf, ngls 4 mmbbls, total 60 mmboe.

So the total mmboe is already the equivalent.

So yes, we use the total mmboe.

Therefore, percentage is 60/243.

So, I think ""24.7%"" is fine.
<answer>
24.7%",24.69136,1.0,True,1352.0,1123.0,129.5683629512787,0.0027203,structured_baseline
valid.00003,18.6,19.2,0.0,True,939.0,153.0,10.55210018157959,0.0008234999999999999,structured_baseline
valid.00004,60.3%,0.60306,1.0,True,1015.0,213.0,24.559965133666992,0.0009710999999999999,structured_baseline
valid.00005,688,688.0,1.0,True,1302.0,111.0,9.423450946807861,0.0009699,structured_baseline
valid.00006,10.94%,0.10935,1.0,True,1561.0,537.0,61.33426594734192,0.0018495,structured_baseline
valid.00007,insufficient information,30.44323,0.0,True,1142.0,143.0,13.382235050201416,0.0009283,structured_baseline
valid.00008,995,995.0,1.0,True,1247.0,110.0,11.716989040374756,0.0009352,structured_baseline
valid.00009,1356 and 2220,3576.0,0.0,True,1507.0,106.0,10.064080953598022,0.0010844,structured_baseline
valid.00010,0.2%,0.2,1.0,True,1293.0,137.0,14.66363000869751,0.0010087,structured_baseline
valid.00011,"tags.

<answer>
56.17%
</answer>

Or should I use the decimal? Since it says ""percentage"", I think percent is fine.

To be precise, let's see the exact value.

25048 / 44572 = 25048 ÷ 44572

Calculate exactly: 25048 / 44572 = 6262 / 11143 (after dividing by 4)

Now, 6262 ÷ 11143 ≈ 0.561744

So, 0.561744 * 100 = 56.1744%

Rounded to two decimal places: 56.17%

Yes.

I think that's correct.
<answer>
56.17%",0.56197,1.0,True,1039.0,1026.0,74.34517097473145,0.0023676,structured_baseline
valid.00012,-1.9,-1.9,1.0,True,1369.0,113.0,9.633916139602661,0.0010135,structured_baseline
valid.00013,114,114.0,1.0,True,1328.0,9.0,2.8018240928649902,0.0008121,structured_baseline
valid.00014,2057,2057.0,1.0,True,873.0,200.0,23.287065744400024,0.0008638,structured_baseline
valid.00015,34.0%,0.34011,1.0,True,1609.0,84.0,6.069595813751221,0.0011082,structured_baseline
valid.00016,-52.5%,-0.52485,1.0,True,986.0,766.0,99.83160710334778,0.0018938000000000002,structured_baseline
valid.00017,35.1%,0.35099,1.0,True,1525.0,70.0,6.91180682182312,0.001034,structured_baseline
valid.00018,332,0.19495,0.0,True,1153.0,181.0,17.049638271331787,0.0009995,structured_baseline
valid.00019,$1.3 billion,7.22222,0.0,True,1360.0,13.0,1.6075527667999268,0.0008381,structured_baseline
valid.00020,44.8,44.8,1.0,True,770.0,127.0,11.424957990646362,0.0006778999999999999,structured_baseline
valid.00021,0.904,1.15663,0.0,True,1583.0,11.0,1.2247490882873535,0.0009685,structured_baseline
valid.00022,72.88%,0.72825,1.0,True,1677.0,170.0,16.84150981903076,0.0012951999999999998,structured_baseline
valid.00023,4575515,4575515.0,1.0,True,1241.0,11.0,1.2197020053863525,0.0007633,structured_baseline
valid.00024,275.5%,2.75566,1.0,True,1247.0,135.0,18.52398371696472,0.0009777,structured_baseline
valid.00025,1,-1.0,0.0,True,1588.0,135.0,12.578430891036987,0.0011822999999999998,structured_baseline
valid.00026,2.58%,0.02581,1.0,True,1293.0,11.0,1.5921030044555664,0.0007945,structured_baseline
valid.00027,-3.024%,-0.03024,1.0,True,1591.0,160.0,17.49604892730713,0.0012266,structured_baseline
valid.00028,33.33%,0.33333,1.0,True,1395.0,121.0,13.213796854019165,0.0010427,structured_baseline
valid.00029,14.3%,0.14336,0.0,True,1058.0,134.0,11.470279932022095,0.0008625999999999999,structured_baseline
valid.00030,13,-11.33333,0.0,True,1547.0,136.0,13.245047092437744,0.0011594,structured_baseline
valid.00031,86.85%,0.86847,1.0,True,932.0,128.0,25.0105721950531,0.0007767999999999999,structured_baseline
valid.00032,-20.65%,-0.20646,1.0,True,1427.0,179.0,30.249984979629517,0.0011605,structured_baseline
valid.00033,778000,778000.0,1.0,True,1199.0,10.0,1.7224769592285156,0.0007363999999999999,structured_baseline
valid.00034,2.62,2.62,1.0,True,837.0,92.0,8.599210977554321,0.0006586,structured_baseline
valid.00035,4.855,4.85514,1.0,True,1311.0,127.0,11.59259581565857,0.0010025,structured_baseline
valid.00036,-3.39%,-0.0339,1.0,True,2347.0,139.0,18.061116218566895,0.0016445,structured_baseline
valid.00037,37.81%,0.3781,1.0,True,594.0,156.0,14.473873853683472,0.0006215999999999999,structured_baseline
valid.00038,3.8%,3.8,1.0,True,1735.0,11.0,1.8124101161956787,0.0010597,structured_baseline
valid.00039,28987,28987.0,1.0,True,1335.0,119.0,11.671584844589233,0.0010033,structured_baseline
valid.00040,1041.5,1041.531,1.0,True,1293.0,268.0,25.55051875114441,0.0012314000000000001,structured_baseline
valid.00041,3.2%,0.03204,1.0,True,1357.0,157.0,18.70204997062683,0.0010811,structured_baseline
valid.00042,1.424%,0.01424,1.0,True,1342.0,137.0,14.714404106140137,0.0010381,structured_baseline
valid.00043,0%,0.0,1.0,True,1332.0,94.0,7.874901056289673,0.0009589999999999999,structured_baseline
valid.00044,6.355%,0.06354,1.0,True,1224.0,256.0,25.855467796325684,0.0011696,structured_baseline
valid.00045,104.81%,1.04852,1.0,True,1676.0,269.0,21.669277906417847,0.0014629,structured_baseline
valid.00046,22550000000,22556579533.35,1.0,True,886.0,12.0,0.8320717811584473,0.000552,structured_baseline
valid.00047,3098,3098.0,1.0,True,1909.0,99.0,11.437809944152832,0.0013137,structured_baseline
valid.00048,57.0%,0.57031,1.0,True,1127.0,160.0,20.280823945999146,0.0009482,structured_baseline
valid.00049,-4208.333333333333,-4088.33333,0.0,True,1210.0,16.0,2.1446750164031982,0.0007532,structured_baseline
valid.00050,4.0,4.0,1.0,True,1232.0,103.0,6.4175591468811035,0.0009142999999999999,structured_baseline
valid.00051,21.65%,0.21651,1.0,True,1125.0,11.0,1.898210048675537,0.0006936999999999999,structured_baseline
valid.00052,-3.2%,-16.0,0.0,True,1374.0,163.0,22.715135097503662,0.0011015,structured_baseline
valid.00053,28434,28434.0,1.0,True,1863.0,126.0,12.266173124313354,0.0013319999999999999,structured_baseline
valid.00054,**exception raised**: cannot unpack non-iterable NoneType object,1.25,0.0,True,,,,,structured_baseline
valid.00055,244,244.0,1.0,True,1511.0,100.0,6.765190839767456,0.0010766,structured_baseline
valid.00056,-40.97%,-0.04097,0.0,True,782.0,184.0,18.23348093032837,0.0007819999999999999,structured_baseline
valid.00057,21.33%,0.21333,1.0,True,1875.0,151.0,60.929442167282104,0.0013817,structured_baseline
valid.00058,6.395,6.39597,1.0,True,1364.0,154.0,19.160804271697998,0.0010802,structured_baseline
valid.00059,166.39%,1.66387,1.0,True,1871.0,137.0,10.386492729187012,0.0013555,structured_baseline
valid.00060,1,1.0,1.0,True,1288.0,134.0,14.12525200843811,0.0010006,structured_baseline
valid.00061,59.4%,0.59356,1.0,True,1078.0,120.0,10.249457359313965,0.0008508,structured_baseline
valid.00062,16.67,0.25853,0.0,True,1541.0,110.0,5.7949137687683105,0.0011116,structured_baseline
valid.00063,0.782,0.78253,1.0,True,1501.0,87.0,6.312895059585571,0.0010485,structured_baseline
valid.00064,-12.19%,-0.13377,0.0,True,788.0,149.0,13.854871034622192,0.0007261,structured_baseline
valid.00065,93.5%,0.9349,1.0,True,1564.0,844.0,94.49414229393005,0.0023732,structured_baseline
valid.00066,-35.6%,-0.35616,1.0,True,2106.0,865.0,87.338623046875,0.0027340999999999997,structured_baseline
valid.00067,7.5%,0.07491,1.0,True,1454.0,163.0,13.141443252563477,0.0011495,structured_baseline
valid.00068,"$16,750,000",16750002.0,1.0,True,1308.0,14.0,1.7409210205078125,0.0008086,structured_baseline
valid.00069,16.13%,0.1613,1.0,True,1550.0,166.0,16.1003201007843,0.0012122,structured_baseline
valid.00070,-3.64%,-0.03643,1.0,True,958.0,125.0,11.209705114364624,0.0007873,structured_baseline
valid.00071,12.4%,-0.1239,0.0,True,815.0,107.0,3.1421940326690674,0.0006709,structured_baseline
valid.00072,9.70,1e-05,0.0,True,1089.0,121.0,12.612265825271606,0.0008591,structured_baseline
valid.00073,34.9%,0.65078,0.0,True,1236.0,11.0,1.038301944732666,0.0007602999999999999,structured_baseline
valid.00074,40406220000,40444920.0,0.0,True,1579.0,189.0,19.839585065841675,0.0012687,structured_baseline
valid.00075,1.7,1.7,1.0,True,1104.0,84.0,8.588531017303467,0.0008052,structured_baseline
valid.00076,5.5%,0.05504,1.0,True,1018.0,11.0,1.2186071872711182,0.0006295,structured_baseline
valid.00077,21.0%,0.20972,1.0,True,1541.0,11.0,1.2073018550872803,0.0009432999999999999,structured_baseline
valid.00078,98.67%,1.0499,0.0,True,1315.0,154.0,6.157433032989502,0.0010508,structured_baseline
valid.00079,2.9%,0.0289,0.0,True,1301.0,125.0,25.420626878738403,0.0009931,structured_baseline
valid.00080,1.693,1.69312,1.0,True,1552.0,136.0,13.077967882156372,0.0011624,structured_baseline
valid.00081,8.86%,0.08861,1.0,True,1583.0,11.0,1.2197771072387695,0.0009685,structured_baseline
valid.00082,22.56%,0.22556,1.0,True,1175.0,11.0,1.354444980621338,0.0007237,structured_baseline
valid.00083,79.96%,-0.2004,0.0,True,892.0,1319.0,49.07221603393555,0.0027775,structured_baseline
valid.00084,1.27%,0.01266,0.0,True,988.0,132.0,8.90312385559082,0.0008172,structured_baseline
valid.00085,-1.07%,-0.01072,1.0,True,1547.0,101.0,3.2691071033477783,0.0010999,structured_baseline
valid.00086,708717,1063076.5,0.0,True,1311.0,127.0,3.5957529544830322,0.0010025,structured_baseline
valid.00087,26,26.0,1.0,True,1570.0,121.0,13.47386908531189,0.0011477,structured_baseline
valid.00088,-39.9%,-0.39896,1.0,True,2104.0,512.0,34.38716173171997,0.0021328,structured_baseline
valid.00089,69.23%,0.69231,1.0,True,1255.0,84.0,4.041275978088379,0.0008958,structured_baseline
valid.00090,39.35%,0.39349,1.0,True,1168.0,11.0,1.6085309982299805,0.0007195,structured_baseline
valid.00091,698,2448.0,0.0,True,2212.0,119.0,13.02575397491455,0.0015295,structured_baseline
valid.00092,-34.3%,-0.343,1.0,True,995.0,151.0,13.175171852111816,0.0008537,structured_baseline
valid.00093,106500,46.30435,0.0,True,1124.0,10.0,1.4993841648101807,0.0006914,structured_baseline
valid.00094,16.7%,0.16735,0.0,True,1104.0,180.0,33.53624701499939,0.0009683999999999999,structured_baseline
valid.00095,5,5.0,1.0,True,1305.0,115.0,9.718962907791138,0.0009785,structured_baseline
valid.00096,383,383.0,1.0,True,1222.0,107.0,14.125495910644531,0.0009151,structured_baseline
valid.00097,"First, I need to find the portion of total assets acquired that is composed of goodwill. The total assets acquired are given in the table as $19,427 thousand. Goodwill is listed as $13,536 thousand.

The portion is the ratio of goodwill to total assets acquired. So, I calculate:

Portion = Goodwill / Total assets acquired = 13536 / 19427

Now, let me compute that.

13536 ÷ 19427 ≈ ?

Doing the division: 13536 / 19427 = ?

Let me calculate it step by step.

13536 ÷ 19427 = ?

I can simplify: both divisible by... or just use decimal.

13536 / 19427 ≈ 0.6969

So, approximately 0.697 or 69.7%.

But let me get the exact fraction.

13536 / 19427

I can reduce it? Check if they have common factors.

13536 and 19427.

Compute decimal:

19427 * 0.6969 ≈ 19427 * 0.7 = 13598.9, too high. 19427 * 0.696 = 19427 * 0.7 = 13598.9 minus 19427 * 0.004 = about 77.708, so 13598.9 - 77.708 = 13521.192, close to 13536. So 0.696 + a bit.

Better to do exact calculation.

13536 / 19427 = ?

Divide numerator and denominator by... or just use calculator in mind.

13536 ÷ 19427 = 13536 / 19427

Let me compute the value.

19427 ÷ 10000 = 1.9427

13536 ÷ 19427 = ?

13536 / 19427 = (13536 / 19427) * 100% = ?

Calculate fraction:

13536 ÷ 19427 = 0.696966 (approximately)

So, 0.697 or 69.7%.

But since the numbers are in thousands, it doesn't affect the ratio.

So, portion is 13536 / 19427.

As a decimal, it's about 0.697.

But perhaps I should express it as a percentage or decimal as per instruction.

The instruction says: ""Return only the final answer (number, percent, or brief text)"", and ""For rates or proportions you may answer as a decimal (e.g. 0.935) or as a percent (e.g. 93.5%).""

So, I can do either. Since it says ""portion"", probably decimal or percent.

But let me see if it simplifies.

Note that in the table, total assets acquired is $19427, and goodwill is $13536.

No other components are needed.

So, exact value: 13536 / 19427.

Let me see if this fraction can be simplified.

Find gcd of 13536 and 19427.

First, 19427 - 13536 = 5891

Now, gcd(13536, 5891)

13536 ÷ 5891 ≈ 2.297, so 2*5891=11782, remainder 13536-11782=1754

Now, gcd(5891, 1754)

5891 ÷ 1754 ≈ 3.356, so 3*1754=5262, remainder 5891-5262=629

Now, gcd(1754, 629)

1754 ÷ 629 ≈ 2.788, so 2*629=1258, remainder 1754-1258=496

Now, gcd(629, 496)

629 ÷ 496 ≈ 1.268, so 1*496=496, remainder 629-496=133

Now, gcd(496, 133)

496 ÷ 133 ≈ 3.729, so 3*133=399, remainder 496-399=97

Now, gcd(133, 97)

133 ÷ 97 = 1.371, so 1*97=97, remainder 133-97=36

Now, gcd(97, 36)

97 ÷ 36 = 2.694, so 2*36=72, remainder 97-72=25

Now, gcd(36, 25)

36 ÷ 25 = 1.44, so 1*25=25, remainder 11

Now, gcd(25,11)

25 ÷ 11 = 2.272, so 2*11=22, remainder 3

gcd(11,3)

11 ÷ 3 = 3.666, so 3*3=9, remainder 2

gcd(3,2)

3÷2=1.5, remainder 1

gcd(2,1)=1

So, gcd is 1. Therefore, fraction is already simplified: 13536/19427.

So, as decimal, it is approximately 0.696966...

But for answer, I think we can round to reasonable precision, or leave as fraction? But instruction says number or percent.

Since it's financial, perhaps decimal with two decimals? But not specified.

Look at the context: numbers are given without decimals in thousands, so exact fraction might be fine, but output should be decimal or percent.

The question says ""portion"", so decimal is fine.

I think 0.697 or 69.7% is acceptable.

But to be precise, let's compute exactly.

13536 / 19427 = ?

Calculate: 13536 ÷ 19427.

19427 * 0.6969 = 19427 * 0.7 = 13598.9, 19427 * 0.0031 = about 60.2237, so 13598.9 - 60.2237 = wait no.

Better: 13536 / 19427 = ?

Divide 13536 by 19427.

13536 / 19427 = 13536 ÷ 19427.

Use long division.

19427 into 135360000 (for decimal)

Actually, 13536.000 / 19427.

19427 * 0.696 = 19427 * 0.6 = 11656.2, 19427 * 0.096 = 1864.992, total 11656.2 + 1864.992 = 13521.192

13536 - 13521.192 = 14.808

So, 0.696 + (14.808 / 19427) ≈ 0.696 + 0.000762 ≈ 0.696762

So, approximately 0.6968

But earlier I had 0.696966, let me do better.

13536 / 19427 = ?

Use calculator if allowed, but since text, assume compute.

13536 ÷ 19427 = 13536 / 19427

Compute fraction to decimal.

19427 ) 13536.000000

19427 * 0.6 = 11656.2

13536.0 - 11656.2 = 1879.8

Bring down 0, so 18798

19427 * 0.09 = 1748.43

18798 - 1748.43 = 17049.57? Wait, no:

18798.0 - 1748.43 = 17049.57? But we have only one decimal? Better integer division.

13536000 / 19427 = ?

First, 19427 * 696 = ?

19427 * 700 = 13598900

19427 * 4 = 77708

So 13598900 - 19427*4 = 13598900 - 77708 = 13521192

But we have 13536000, so 13536000 - 13521192 = 14808

So, 696 + 14808 / 19427 ≈ 696.762

So, 0.696762

But this is for 13536.000, so 0.696762

Rounded to four decimals, 0.6968

As percent, 69.68%

But perhaps use the values as is.

Another way: since both numbers are integers, the exact value is 13536/19427.

But for output, we can write decimal.

Instruction says ""brief text"", but number is better.

Perhaps percent is good.

Look at the table: numbers are given without decimals, so ratio might be exact.

But in answer, we can do decimal.

I think 0.697 is fine, or 69.7%.

Compute exactly: 13536 / 19427 = ?

13536 ÷ 19427 = 0.696966... (using calculator in mind)

13536 / 19427 = 13536 ÷ 19427.

19427 * 0.696966 = let's not.

Perhaps the answer is approximately 70%, but let's see.

Total assets 19427, goodwill 13536.

So, portion = 13536/19427.

As a percentage: (13536/19427)*100% = ?

First, 13536/19427 * 100 = (13536 * 100) / 19427 = 1353600 / 19427

Now, compute 1353600 ÷ 19427.

19427 * 69 = 19427*70 - 19427 = 1359890 - 19427 = 1340463

1353600 - 1340463 = 13137

So, 69 + 13137/19427

13137/19427 ≈ 0.676

So, 69.676%

So, approximately 69.68",0.69676,0.0,True,1074.0,2048.0,243.79907512664795,0.004126,structured_baseline
valid.00098,-13.2,-13.2,1.0,True,1510.0,12.0,1.2987499237060547,0.0009264,structured_baseline
valid.00099,20.11%,0.48171,0.0,True,746.0,11.0,1.7884540557861328,0.0004663,structured_baseline
valid.00100,11.6%,0.39282,0.0,True,1632.0,5.0,0.7751009464263916,0.0009877,structured_baseline
valid.00101,296048,296048.0,1.0,True,1083.0,92.0,10.902740240097046,0.0008062,structured_baseline
valid.00102,20.15,40294.0,0.0,True,1591.0,135.0,21.366048097610474,0.0011841,structured_baseline
valid.00103,-7,7.0,0.0,True,1135.0,173.0,22.945868730545044,0.0009751,structured_baseline
valid.00104,-35.8%,0.538,0.0,True,919.0,12.0,2.3049590587615967,0.0005717999999999999,structured_baseline
valid.00105,270.1,270.1,1.0,True,1679.0,11.0,1.1822829246520996,0.0010260999999999998,structured_baseline
valid.00106,331.6,498.9,0.0,True,1365.0,105.0,10.572222232818604,0.0009975,structured_baseline
valid.00107,965.635,965.635,1.0,True,1293.0,188.0,18.551825046539307,0.0010954,structured_baseline
valid.00108,-24.88%,0.33084,0.0,True,1076.0,599.0,69.50309300422668,0.0016638999999999998,structured_baseline
valid.00109,48.0,48.0,1.0,True,1517.0,90.0,9.669569969177246,0.0010632,structured_baseline
valid.00110,4.74%,0.04741,1.0,True,1175.0,11.0,1.822458028793335,0.0007237,structured_baseline
valid.00111,58.2,-0.42327,0.0,True,1468.0,11.0,1.2310130596160889,0.0008994999999999999,structured_baseline
valid.00112,8,4.0,0.0,True,1395.0,119.0,12.029239177703857,0.0010393,structured_baseline
valid.00113,12.3,12.636,0.0,True,1510.0,747.0,74.81039571762085,0.0021759,structured_baseline
valid.00114,10.8%,10.82621,0.0,True,1450.0,164.0,11.857877016067505,0.0011488,structured_baseline
valid.00115,35.8%,0.35837,1.0,True,950.0,90.0,14.550094842910767,0.000723,structured_baseline
valid.00116,13.42%,0.13419,1.0,True,1419.0,147.0,19.931110858917236,0.0011013,structured_baseline
valid.00117,-454.2,-454.2,1.0,True,1437.0,148.0,22.50300121307373,0.0011137999999999999,structured_baseline
valid.00118,0.07135,0.07135,1.0,True,1150.0,134.0,13.534059047698975,0.0009178,structured_baseline
valid.00119,17.97%,0.17972,1.0,True,1005.0,166.0,18.512899160385132,0.0008852,structured_baseline
valid.00120,-19.0,-19.0,1.0,True,876.0,146.0,2.983708143234253,0.0007738,structured_baseline
valid.00121,15.1%,0.151,1.0,True,1484.0,11.0,1.4578351974487305,0.0009090999999999999,structured_baseline
valid.00122,34.78%,0.34769,1.0,True,1560.0,159.0,25.453759908676147,0.0012063,structured_baseline
valid.00123,7.51%,0.07513,1.0,True,2099.0,127.0,1.7100818157196045,0.0014753,structured_baseline
valid.00124,15.6%,0.15641,0.0,True,1144.0,383.0,81.24563694000244,0.0013375000000000001,structured_baseline
valid.00125,-7.4%,-0.07443,0.0,True,1048.0,12.0,0.7281661033630371,0.0006492,structured_baseline
valid.00126,16.5%,16.5,1.0,True,1580.0,115.0,13.565839767456055,0.0011435,structured_baseline
valid.00127,4.39%,0.04392,1.0,True,1676.0,11.0,2.004848003387451,0.0010243,structured_baseline
valid.00128,25942,71.0,0.0,True,1434.0,1658.0,144.31323075294495,0.003679,structured_baseline
valid.00129,2.5%,0.02533,0.0,True,1157.0,173.0,24.323572158813477,0.0009883,structured_baseline
valid.00130,0.1166,0.11658,1.0,True,1013.0,12.0,1.74910306930542,0.0006281999999999999,structured_baseline
valid.00131,66,66.0,1.0,True,1575.0,209.0,37.94945287704468,0.0013003,structured_baseline
valid.00132,0.0611,0.0611,1.0,True,888.0,12.0,2.305643081665039,0.0005531999999999999,structured_baseline
valid.00133,302.8,302.8,1.0,True,1451.0,129.0,14.860076665878296,0.0010899,structured_baseline
valid.00134,23.62%,0.23618,1.0,True,1183.0,102.0,14.283375263214111,0.0008832,structured_baseline
valid.00135,1300,1300.0,1.0,True,1245.0,143.0,17.180076122283936,0.0009900999999999998,structured_baseline
valid.00136,34.15%,0.34146,1.0,True,1867.0,131.0,6.246405124664307,0.0013429,structured_baseline
valid.00137,12.6%,0.12574,0.0,True,737.0,195.0,21.032997131347656,0.0007737,structured_baseline
valid.00138,8.571,0.08571,0.0,True,1369.0,231.0,21.860576152801514,0.0012141,structured_baseline
valid.00139,4.3,4.26667,0.0,True,872.0,157.0,14.37420105934143,0.0007901,structured_baseline
valid.00140,6.89,6.88702,1.0,True,861.0,131.0,14.682605266571045,0.0007393,structured_baseline
valid.00141,-7.76%,-0.07758,1.0,True,1191.0,145.0,14.741705179214478,0.0009610999999999999,structured_baseline
valid.00142,86.5,86.5,1.0,True,890.0,115.0,4.889653921127319,0.0007295,structured_baseline
valid.00143,34,-13.0,0.0,True,1275.0,163.0,14.48148798942566,0.0010421,structured_baseline
valid.00144,no,no,1.0,True,1582.0,9.0,0.769888162612915,0.0009645,structured_baseline
valid.00145,2022,2022.0,1.0,True,1652.0,75.0,8.33695912361145,0.0011187,structured_baseline
valid.00146,9198.3,9198.33333,1.0,True,1448.0,187.0,16.460549116134644,0.0011867,structured_baseline
valid.00147,78.93%,34.96,0.0,True,1060.0,149.0,24.41125202178955,0.0008893,structured_baseline
valid.00148,-121.5,-121.5,1.0,True,1260.0,116.0,13.07659912109375,0.0009532,structured_baseline
valid.00149,0.313,0.31325,1.0,True,1183.0,402.0,42.105430126190186,0.0013932,structured_baseline
valid.00150,846,846.0,1.0,True,1214.0,9.0,1.01106595993042,0.0007436999999999999,structured_baseline
valid.00151,6999,6999.0,1.0,True,1095.0,198.0,28.738845348358154,0.0009935999999999999,structured_baseline
valid.00152,9.9%,0.09884,1.0,True,1143.0,184.0,16.89655900001526,0.0009986,structured_baseline
valid.00153,18.5714,18.57143,1.0,True,1449.0,104.0,9.690439939498901,0.0010462,structured_baseline
valid.00154,56.59%,0.56618,1.0,True,1284.0,129.0,12.85678482055664,0.0009897,structured_baseline
valid.00155,8.9%,0.08899,1.0,True,1183.0,165.0,21.094188690185547,0.0009903,structured_baseline
valid.00156,19700,19700.0,1.0,True,1445.0,110.0,11.214428901672363,0.0010539999999999998,structured_baseline
valid.00157,"tags.

<answer>
24.7%
</answer>

But is this correct? Let me make sure.

Another way: perhaps they want the fraction from Canada only for oil and gas, excluding ngls? But the question says ""oil and gas mmboe"", and the table's ""total mmboe"" includes ngls, but in the context, ""mmboe"" is million barrels of oil equivalent, which combines all.

In the row for Canada: oil 23 mmbbls, gas 198 bcf, ngls 4 mmbbls, total 60 mmboe.

So the total mmboe is already the equivalent.

So yes, we use the total mmboe.

Therefore, percentage is 60/243.

So, I think ""24.7%"" is fine.
<answer>
24.7%",24.69136,1.0,True,1352.0,1123.0,129.5683629512787,0.0027203,structured_baseline
valid.00158,0.46%,0.00455,0.0,True,1481.0,11.0,1.5282371044158936,0.0009072999999999999,structured_baseline
valid.00159,233629,233629.0,1.0,True,1338.0,10.0,1.2632508277893066,0.0008198,structured_baseline
valid.00160,1521.55,1521.55,1.0,True,887.0,107.0,10.230300188064575,0.0007141,structured_baseline
valid.00161,928.4%,9.28167,1.0,True,1337.0,11.0,1.0192170143127441,0.0008209,structured_baseline
valid.00162,-0.302,0.91251,0.0,True,602.0,1608.0,116.22119402885437,0.0030948,structured_baseline
valid.00163,"1654, 1251, 1030",1311.66667,0.0,True,860.0,124.0,6.016622066497803,0.0007268,structured_baseline
valid.00164,-5.33%,-0.0533,1.0,True,1547.0,12.0,2.1343612670898438,0.0009486,structured_baseline
valid.00165,871861,1042490.2,0.0,True,1777.0,160.0,14.541287899017334,0.0013382,structured_baseline
valid.00166,84.88%,0.84882,1.0,True,955.0,145.0,15.836654663085938,0.0008194999999999999,structured_baseline
valid.00167,-21.08%,-0.2108,1.0,True,797.0,171.0,15.31519103050232,0.0007689,structured_baseline
valid.00168,-11422,62154.0,0.0,True,1105.0,776.0,73.11784100532532,0.0019822,structured_baseline
valid.00169,23.1%,0.23125,1.0,True,1076.0,11.0,1.4332752227783203,0.0006642999999999999,structured_baseline
valid.00170,19%,0.19257,0.0,True,1489.0,9.0,1.3580663204193115,0.0009086999999999999,structured_baseline
valid.00171,1.000782,1.00078,1.0,True,1553.0,92.0,9.552550077438354,0.0010882,structured_baseline
valid.00172,-23.8%,0.44656,0.0,True,1435.0,12.0,1.9174418449401855,0.0008814,structured_baseline
valid.00173,595.533,1320.825,0.0,True,1299.0,296.0,44.04855298995972,0.0012826,structured_baseline
valid.00174,0.0579,0.05793,1.0,True,1351.0,194.0,18.370123147964478,0.0011404,structured_baseline
valid.00175,5808,5808.0,1.0,True,737.0,167.0,11.043091058731079,0.0007260999999999999,structured_baseline
valid.00176,34.02%,0.34024,1.0,True,1167.0,11.0,0.6182210445404053,0.0007189,structured_baseline
valid.00177,3441.4,4441.2,0.0,True,984.0,12.0,1.4469430446624756,0.0006107999999999999,structured_baseline
valid.00178,-34.03%,0.19151,0.0,True,1628.0,188.0,14.311277151107788,0.0012963999999999999,structured_baseline
valid.00179,$36 million,24.92308,0.0,True,1727.0,11.0,0.727247953414917,0.0010549,structured_baseline
valid.00180,9.875%,0.09876,1.0,True,1556.0,82.0,1.652580976486206,0.001073,structured_baseline
valid.00181,3655945,0.47645,0.0,True,1130.0,89.0,2.7516028881073,0.0008293,structured_baseline
valid.00182,-11.0,-11.0,1.0,True,1503.0,97.0,1.5062730312347412,0.0010666999999999999,structured_baseline
valid.00183,1.9%,0.01881,0.0,True,1357.0,177.0,3.1702170372009277,0.0011151,structured_baseline
valid.00184,2.3738,2.37383,1.0,True,1280.0,120.0,2.480311155319214,0.000972,structured_baseline
valid.00185,85.78%,0.8578,1.0,True,1557.0,199.0,4.060667991638184,0.0012725,structured_baseline
valid.00186,1.11%,1.11111,1.0,True,699.0,235.0,3.255128860473633,0.0008189,structured_baseline
valid.00187,-0.0575,-0.05751,1.0,True,1317.0,159.0,1.6509177684783936,0.0010605,structured_baseline
valid.00188,9.4%,0.09394,1.0,True,1001.0,133.0,2.3809728622436523,0.0008267,structured_baseline
valid.00189,318,1492.0,0.0,True,1161.0,105.0,1.7282061576843262,0.0008751,structured_baseline
valid.00190,$39.0 million,39.0,1.0,True,1143.0,13.0,0.35864973068237305,0.0007079,structured_baseline
valid.00191,16.61%,0.1115,0.0,True,878.0,147.0,2.224468946456909,0.0007767,structured_baseline
valid.00192,5.83%,0.0583,1.0,True,988.0,143.0,1.8956527709960938,0.0008359,structured_baseline
valid.00193,0.07058823529411765,14.16667,0.0,True,1187.0,16.0,0.5543758869171143,0.0007394,structured_baseline
valid.00194,1050/251,4.18327,0.0,True,1528.0,184.0,1.9713318347930908,0.0012296,structured_baseline
valid.00195,10.67%,0.10664,1.0,True,1386.0,11.0,1.078784704208374,0.0008502999999999999,structured_baseline
valid.00196,4.78%,0.0,0.0,True,1420.0,11.0,0.5230991840362549,0.0008707,structured_baseline
valid.00197,74.14%,0.72093,0.0,True,1191.0,231.0,3.935600996017456,0.0011072999999999999,structured_baseline
valid.00198,42.7%,-0.99857,0.0,True,1300.0,11.0,0.3702220916748047,0.0007987,structured_baseline
valid.00199,66.3%,0.66325,1.0,True,1299.0,71.0,1.7456929683685303,0.0009001,structured_baseline
valid.00200,0.343,0.34308,1.0,True,1771.0,125.0,2.195145845413208,0.0012751,structured_baseline
valid.00201,246,2981.52,0.0,True,1510.0,9.0,0.9434781074523926,0.0009213,structured_baseline
valid.00202,-1.878%,0.01981,0.0,True,1257.0,148.0,2.057835102081299,0.0010058,structured_baseline
valid.00203,37.75%,0.37738,1.0,True,1212.0,130.0,2.0883138179779053,0.0009482,structured_baseline
valid.00204,73.2%,0.73215,1.0,True,1064.0,11.0,0.5334577560424805,0.0006571,structured_baseline
valid.00205,11.58%,0.1158,1.0,True,1237.0,159.0,2.7859678268432617,0.0010125,structured_baseline
valid.00206,-5 million,-5.0,1.0,True,1570.0,11.0,0.6243882179260254,0.0009606999999999999,structured_baseline
valid.00207,25%,0.015,0.0,True,1723.0,9.0,0.3888368606567383,0.0010490999999999999,structured_baseline
valid.00208,22.74%,0.22742,1.0,True,706.0,156.0,2.9727249145507812,0.0006888,structured_baseline
valid.00209,22.833%,0.06298,0.0,True,1505.0,114.0,2.111995220184326,0.0010968,structured_baseline
valid.00210,-12.5,-12.5,1.0,True,1455.0,12.0,0.472365140914917,0.0008933999999999999,structured_baseline
valid.00211,-7.77%,-0.07772,1.0,True,1117.0,126.0,5.0178399085998535,0.0008843999999999999,structured_baseline
valid.00212,106500,23.15217,0.0,True,1238.0,10.0,0.9339919090270996,0.0007597999999999999,structured_baseline
valid.00213,48.98%,0.4898,1.0,True,1184.0,11.0,1.4123637676239014,0.0007290999999999999,structured_baseline
valid.00214,0.1514,0.15146,1.0,True,942.0,398.0,5.8192219734191895,0.0012418,structured_baseline
valid.00215,"tags without any other text.

So, <answer>78.25%</answer>

But is it exactly 78.25? Let me compute more precisely.

2500 / 3195 = ?

3195 * 0.7825 = 3195 * 0.78 = 2492.1, 3195 * 0.0025 = 7.9875, total 2500.0875, which is a bit over 2500.

So, 2500 / 3195 ≈ 0.782472

0.782472 * 100 = 78.2472%, so about 78.25% if rounded.

Perhaps 78.25% is fine.

To be exact, (2500 / 3195) * 100 = (250000 / 3195) %

Calculate 250000 ÷ 3195.

3195 * 78 = 3195 * 80 - 3195 * 2 = 255600 - 6390 = 249210

250000 - 249210 = 790

So, 78 + (790 / 3195) 

790 / 3195 ≈ 0.2474

So, 78.2474%

So, 78.25% when rounded to two decimal places.

I think that's acceptable.

In the context, the numbers might be exact, but since it's given as ""$2.5 billion"", which might be approximate, but we have to use it as is.

So, I'll go with 78.25%

Now, for the output, just the value.

<answer>78.25%</answer>

But the instruction says ""do not use XML tags or labels—only the value."" but the output format is to have <answer> and </answer> around the value.

In the response, I need to propose the output with the tags.

So, final output should be:

<answer>78.25%</answer>

I think that's it.</think><answer>78.25%",0.78247,1.0,True,1552.0,1294.0,16.788660049438477,0.003131,structured_baseline
valid.00216,48.2,48.2,1.0,True,1427.0,11.0,0.5562710762023926,0.0008749,structured_baseline
valid.00217,-37.4%,-0.374,1.0,True,713.0,151.0,2.503382921218872,0.0006845,structured_baseline
valid.00218,1,1.0,1.0,True,1583.0,117.0,2.504279136657715,0.0011487,structured_baseline
valid.00219,4.6875,249.98125,0.0,True,1454.0,12.0,1.0461671352386475,0.0008927999999999999,structured_baseline
valid.00220,0.855,0.855,1.0,True,2355.0,133.0,2.5150740146636963,0.0016390999999999999,structured_baseline
valid.00221,198,198.0,1.0,True,1734.0,9.0,0.6561908721923828,0.0010557,structured_baseline
valid.00222,66,66.0,1.0,True,1157.0,107.0,1.4565420150756836,0.0008761,structured_baseline
valid.00223,232.0,349.5,0.0,True,1529.0,11.0,0.6611571311950684,0.0009360999999999999,structured_baseline
valid.00224,145.29%,1.4529,1.0,True,976.0,238.0,2.736475706100464,0.0009901999999999999,structured_baseline
valid.00225,12.52%,0.12524,1.0,True,1223.0,135.0,2.3721938133239746,0.0009632999999999999,structured_baseline
valid.00226,-124,-124.0,1.0,True,1048.0,10.0,0.9460639953613281,0.0006458,structured_baseline
valid.00227,4.6%,0.04596,1.0,True,1157.0,214.0,3.6064891815185547,0.001058,structured_baseline
valid.00228,54.4%,-44.6,0.0,True,1212.0,11.0,0.48287105560302734,0.0007459,structured_baseline
valid.00229,9.57%,0.0001,0.0,True,1254.0,114.0,1.4766509532928467,0.0009461999999999999,structured_baseline
valid.00230,1393,1393.0,1.0,True,740.0,10.0,0.9364662170410156,0.000461,structured_baseline
valid.00231,5.05,45.38,0.0,True,1447.0,11.0,0.7178559303283691,0.0008868999999999999,structured_baseline
valid.00232,17.3%,0.19465,0.0,True,1550.0,11.0,0.473081111907959,0.0009486999999999999,structured_baseline
valid.00233,91.816367,0.93278,0.0,True,1555.0,235.0,2.6290459632873535,0.0013325,structured_baseline
valid.00234,202.9,202.9,1.0,True,1606.0,134.0,1.8539769649505615,0.0011914,structured_baseline
valid.00235,-16.8%,-0.16788,1.0,True,1366.0,12.0,0.547652006149292,0.0008399999999999999,structured_baseline
valid.00236,6.36,6.36,1.0,True,830.0,77.0,1.482598066329956,0.0006288999999999999,structured_baseline
valid.00237,98344.75,98344.75,1.0,True,1569.0,126.0,2.598252058029175,0.0011556000000000001,structured_baseline
valid.00238,14763000,14759301.12,1.0,True,1172.0,162.0,2.0361528396606445,0.0009786,structured_baseline
valid.00239,250.82%,2.5082,1.0,True,963.0,236.0,3.085935115814209,0.0009789999999999998,structured_baseline
valid.00240,144.5%,1.44634,1.0,True,1087.0,192.0,2.7753560543060303,0.0009786,structured_baseline
valid.00241,31.6%,0.41754,0.0,True,1670.0,164.0,2.064507246017456,0.0012808,structured_baseline
valid.00242,"tags without any extra text.

<answer>
29.1%
</answer>

I should make sure there are no quotes.

Also, is there any other context? The text after table talks about IPR&D, but I think the calculation is straightforward from the table.

The question is only about the table values, so no need for additional context.

Final answer.
<answer>
29.1%",0.29144,1.0,True,1178.0,619.0,6.227281093597412,0.0017591,structured_baseline
valid.00243,26.3%,0.26319,1.0,True,1553.0,11.0,0.585655927658081,0.0009505,structured_baseline
valid.00244,6.9%,4302.67611,0.0,True,1418.0,11.0,0.732180118560791,0.0008694999999999999,structured_baseline
valid.00245,0.1320,0.13204,1.0,True,1134.0,170.0,1.5718369483947754,0.0009694,structured_baseline
valid.00246,1542,1542.0,1.0,True,1520.0,74.0,1.9806511402130127,0.0010378,structured_baseline
valid.00247,No,yes,0.0,True,1183.0,9.0,0.8721508979797363,0.0007251,structured_baseline
valid.00248,5.333,5.33333,1.0,True,1563.0,104.0,1.5358669757843018,0.0011145999999999999,structured_baseline
valid.00249,"96.04%
</answer>
But note: the instruction says ""do not include any text other than the final answer"", so just the value.

Also, ""if x is a string do NOT include quotes"", so no quotes around.

So, directly 96.04%

In the problem, numbers are with commas sometimes, but here we output without.

So, final.
<answer>
96.04%",0.96042,1.0,True,1077.0,1932.0,16.48855209350586,0.0039306,structured_baseline
valid.00250,22.33,22.1875,0.0,True,1552.0,166.0,1.7904469966888428,0.0012134,structured_baseline
valid.00251,738.5,738.5,1.0,True,1141.0,92.0,1.3020167350769043,0.000841,structured_baseline
valid.00252,47.32%,0.47317,1.0,True,1085.0,100.0,1.7144529819488525,0.000821,structured_baseline
valid.00253,30.34,30.34,1.0,True,1501.0,92.0,1.8473389148712158,0.001057,structured_baseline
valid.00254,582.8,582.8,1.0,True,1343.0,127.0,1.6614608764648438,0.0010217,structured_baseline
valid.00255,Insufficient information to calculate percent increase,0.06507,0.0,True,887.0,156.0,2.5499448776245117,0.0007974,structured_baseline
valid.00256,43.8%,0.43892,0.0,True,1606.0,11.0,0.3971250057220459,0.0009823,structured_baseline
valid.00257,0.0422,0.04216,1.0,True,887.0,182.0,2.465533971786499,0.0008415999999999999,structured_baseline
valid.00258,23.7%,0.23684,1.0,True,1255.0,163.0,1.808633804321289,0.0010301,structured_baseline
valid.00259,13.92%,0.13923,1.0,True,1429.0,142.0,2.6922359466552734,0.0010988,structured_baseline
valid.00260,-2.63%,-0.0263,1.0,True,817.0,140.0,4.2291100025177,0.0007282,structured_baseline
valid.00261,27.9%,0.279,1.0,True,1721.0,11.0,0.6573882102966309,0.0010513,structured_baseline
valid.00262,15.5,15.4698,1.0,True,1679.0,151.0,3.6848208904266357,0.0012640999999999998,structured_baseline
valid.00263,"96.04%
</answer>
But note: the instruction says ""do not include any text other than the final answer"", so just the value.

Also, ""if x is a string do NOT include quotes"", so no quotes around.

So, directly 96.04%

In the problem, numbers are with commas sometimes, but here we output without.

So, final.
<answer>
96.04%",0.96042,1.0,True,1077.0,1932.0,16.48855209350586,0.0039306,structured_baseline
valid.00264,61.62%,0.61615,1.0,True,904.0,106.0,1.7060942649841309,0.0007226,structured_baseline
valid.00265,-15.789%,0.15789,0.0,True,1069.0,204.0,1.7465078830718994,0.0009882,structured_baseline
valid.00266,-68.08%,-0.68042,1.0,True,1180.0,217.0,2.1763110160827637,0.0010769,structured_baseline
valid.00267,63,63.0,1.0,True,1270.0,68.0,1.314849853515625,0.0008776,structured_baseline
valid.00268,-12.5%,-0.125,1.0,True,1584.0,123.0,1.6659178733825684,0.0011595,structured_baseline
valid.00269,26.42%,0.26424,1.0,True,2381.0,150.0,2.524122953414917,0.0016836,structured_baseline
valid.00270,0.9%,0.009,1.0,True,1313.0,186.0,3.654311180114746,0.001104,structured_baseline
valid.00271,4.74%,0.0474,1.0,True,1075.0,120.0,1.818892002105713,0.0008489999999999999,structured_baseline
valid.00272,62.91%,0.62912,1.0,True,1212.0,125.0,1.8330318927764893,0.0009397,structured_baseline
valid.00273,7.0,7.0,1.0,True,890.0,101.0,1.2721009254455566,0.0007057,structured_baseline
valid.00274,211.13%,2.1113,1.0,True,968.0,11.0,0.4801456928253174,0.0005995,structured_baseline
valid.00275,1.724,1.72447,1.0,True,862.0,101.0,1.3597309589385986,0.0006889,structured_baseline
valid.00276,7453,7452.94118,1.0,True,1181.0,136.0,1.8870809078216553,0.0009398,structured_baseline
valid.00277,16.418%,0.16418,1.0,True,989.0,185.0,3.596613883972168,0.0009079,structured_baseline
valid.00278,267,267.0,1.0,True,1361.0,9.0,0.4553518295288086,0.0008319,structured_baseline
valid.00279,-73,-73.0,1.0,True,1383.0,141.0,1.543165922164917,0.0010695,structured_baseline
valid.00280,1.653,1.65246,1.0,True,1765.0,87.0,1.3962702751159668,0.0012069000000000001,structured_baseline
valid.00281,57%,0.57031,1.0,True,1131.0,165.0,2.519351005554199,0.0009591000000000001,structured_baseline
valid.00282,14400,14366.66667,0.0,True,1442.0,10.0,0.3106229305267334,0.0008822,structured_baseline
valid.00283,32.95%,-0.32953,0.0,True,1180.0,161.0,1.7354631423950195,0.0009816999999999998,structured_baseline
valid.00284,0.027,0.02701,1.0,True,1219.0,102.0,1.822005033493042,0.0009048,structured_baseline
valid.00285,0.1325,0.13253,1.0,True,1179.0,110.0,0.9825639724731445,0.0008944,structured_baseline
valid.00286,3.787,3.61,0.0,True,739.0,203.0,3.4239890575408936,0.0007884999999999999,structured_baseline
valid.00287,469,469.0,1.0,True,991.0,159.0,2.289558172225952,0.0008648999999999999,structured_baseline
valid.00288,12,12.675,0.0,True,1207.0,9.0,0.6143128871917725,0.0007394999999999999,structured_baseline
valid.00289,78.93%,0.7893,1.0,True,1073.0,164.0,1.9170658588409424,0.0009226,structured_baseline
valid.00290,-29.9%,-0.29898,1.0,True,1632.0,12.0,0.7413930892944336,0.0009996,structured_baseline
valid.00291,2.3,2.3,1.0,True,1702.0,152.0,2.9451870918273926,0.0012795999999999999,structured_baseline
valid.00292,2.1%,0.02099,1.0,True,827.0,876.0,13.59135890007019,0.0019854,structured_baseline
valid.00293,"First, I need to find the percent of total commitments that expire in 1-3 years. The table provides the data for commitments.

Looking at the table:

| (in millions) | total commitment | less than 1 year | 1-3 years | 3-5 years | after 5 years |
|---|---|---|---|---|---|
| standby letters of credit | $2630 | $2425 | $171 | $18 | $16 |
| surety bonds | 434 | 79 | 352 | 3 | 2014 |
| guarantees | 2 | 1 | 1 | 2014 | 2014 |
| total commitments | $3066 | $2505 | $524 | $21 | $16 |

The ""total commitments"" row is the sum of all categories. For the ""1-3 years"" column, the total is $524 million.

The total commitment is $3066 million.

Now, I need to find the percent: (amount in 1-3 years) / (total commitment) * 100.

So, percent = (524 / 3066) * 100.

Let me calculate that.

First, 524 ÷ 3066 ≈ ?

3066 ÷ 3066 = 1, so 524 / 3066 ≈ 0.1708 (let me compute exactly).

524 / 3066 = ?

Do the division: 524 ÷ 3066.

Calculate: 3066 * 0.17 = 521.22, which is close to 524. So 524 - 521.22 = 2.78, so about 0.1708 + a bit.

More precisely: 524 / 3066 = 524 ÷ 3066.

Simplify fraction: divide numerator and denominator by 2? 524/2=262, 3066/2=1533. So 262/1533.

Now, 262 ÷ 1533 ≈ 0.1708.

Compute exactly: 262 / 1533.

1533 * 0.1708 = 1533 * 0.17 = 260.61, and 1533 * 0.0008 = 1.2264, total 261.8364. Close to 262.

262 - 261.8364 = 0.1636, so add 0.0001067 (0.1636/1533≈0.0001067), so approximately 0.1709067.

So about 0.1709.

Now, to percent: 0.1709 * 100 = 17.09%.

But let's use the exact numbers.

Total commitments: $3066 million

1-3 years: $524 million

Percent = (524 / 3066) * 100

Compute 524 / 3066 = ?

3066 ÷ 3066 =1, so 524/3066 = 524 ÷ 3066.

Let me calculate numerically:

524 ÷ 3066 = 0.170906717548...

So approximately 0.1709

0.1709 * 100 = 17.09%

But since it's money, maybe keep as is.

Note: the numbers are in millions, but since we're doing ratio, it doesn't matter.

Now, is there any context that affects this? The question is straightforward: ""what percent of total commitments expire in 1-3 years?""

From the table, it's clear: total commitments $3066, and 1-3 years is $524.

So percent = (524 / 3066) * 100

Let me compute exactly.

First, simplify fraction: 524 and 3066.

Find gcd? 524 and 3066.

524 factors: 2^2 * 131

3066 ÷ 2 = 1533, 1533 ÷ 3 = 511, 511 ÷ 7 = 73, so 3066 = 2 * 3 * 7 * 73? 2*3=6,6*7=42,42*73=3066? 42*70=2940,42*3=126, total 3066, yes. So 3066=2*3*7*73

524=2*2*131

So common factor is 2.

So (524 / 2) / (3066 / 2) = 262 / 1533

Now, 262/1533 * 100 = (262 * 100) / 1533

Compute 26200 / 1533

1533 * 17 = 1533*10=15330, 1533*7=10731, total 15330+10731=26061

26200 - 26061 = 139

So 17 + 139/1533

139/1533 ≈ 0.09067

So 17.09067%

Approximately 17.09%

But since the numbers are given, we should use the exact fraction.

The problem says ""return only the final answer"", and ""number, percent, or brief text"".

We can say 17.09% or as a decimal.

But let's see if the context changes anything.

In the text after table: ""approximately $2262 million..."", but that's for standby letters, not total.

Also, ""included in the table above is approximately $200 million..."" but that seems to be for letters of credit and surety bonds that are also recorded, but it doesn't change the total commitments number.

The total commitments is $3066, which is the sum.

So I think we should use the numbers as is.

Perhaps we need to consider if ""1-3 years"" is exactly $524.

In the table, for guarantees, it has ""1"" for 1-3 years, but ""2014"" for 3-5 and after? That might be a typo.

Look at guarantees row:

| guarantees | 2 | 1 | 1 | 2014 | 2014 |

2014 seems too large, and inconsistent. Probably a data entry error; it should be small numbers like others.

But in the total, it's included: total commitments $3066.

For 1-3 years: standby $171, surety $352, guarantees $1, sum=171+352+1=524, correct.

Similarly, total commitment: standby2630 + surety434 + guarantees2 = 2630+434=3064, +2=3066, yes.

So guarantees ""1"" for 1-3 years is correct, and ""2014"" might be a mistake for ""0"" or something, but since it's not in 1-3 years, it doesn't affect our calculation.

So percent = 524 / 3066

Compute exactly.

524 / 3066 = 262 / 1533

Now, as a percent: (262 / 1533) * 100

Compute numerical value: 262 ÷ 1533 ≈ 0.170906717548

0.170906717548 * 100 = 17.0906717548%

So about 17.09%

Since the numbers are integers, we can leave as fraction.

But the output should be a number or percent.

I think 17.09% is fine, or 17.1% rounded.

But let's see the precision. The numbers are given without decimals except $16.16 for standby after 5 years? No, it's ""$16"" in table, but in context it says ""$16."" with dot, probably typo, meant $16.

All are integers.

So we can compute exactly.

(524 / 3066) * 100 = 52400 / 3066

Compute 52400 ÷ 3066.

3066 * 17 = 52122

52400 - 52122 = 278

So 17 + 278/3066

278/3066 simplify: divide by 2, 139/1533

So 17 + 139/1533

139/1533 ≈ 0.09067, so 17.09067%

To be precise, since the question asks for percent, we can say 17.09% or calculate.

In the context, other numbers are approximate, like ""approximately $2262"", but here we have exact in table.

I think we should use the table numbers.

So final answer should be around 17.09%.

But let's write it as a decimal or percent.

The problem says ""return only the final answer"", and ""for rates or proportions you may answer as a decimal or percent"".

I think percent is better.

So 17.09%

But to be exact, since 524/3066 = 262/1533, and 262/1533 * 100 = 26200/1533.

We can compute this.

26200 ÷ 1533 = ?

1533 * 17.09 = 1533*17=26061, 1533*0.09=137.97, total 26198.97

26200 - 26198.97=1.03, so close.

1533 * 17.091 = 1533*17=26061, 1533*0.091=139.503, total 26061+139.503=26200.503, a bit over.

So approximately 17.091%? But we have 26200/1533 exactly.

26200 / 1533 = 17.0906717548...%

So for output, we can round to two decimals, as per typical.

17.09%

Since the input numbers are integers, but percent might have decimals.

I think 17",0.17091,1.0,True,1547.0,2048.0,23.031779766082764,0.0044098,structured_baseline
valid.00294,0.3346,0.33482,1.0,True,1121.0,236.0,3.3968262672424316,0.0010738,structured_baseline
valid.00295,28.45%,0.28448,1.0,True,1337.0,136.0,1.666212797164917,0.0010334,structured_baseline
valid.00296,3.33%,0.03334,1.0,True,1039.0,129.0,1.983712911605835,0.0008426999999999999,structured_baseline
valid.00297,172,172.0,1.0,True,1311.0,172.0,2.0399129390716553,0.0010789999999999999,structured_baseline
valid.00298,24.04%,0.24031,1.0,True,1113.0,152.0,5.110592842102051,0.0009262,structured_baseline
valid.00299,12.95%,0.11465,0.0,True,1309.0,301.0,6.7603771686553955,0.0012971,structured_baseline
